{
  "hash": "6f4f0c53",
  "configHash": "606a71ef",
  "lockfileHash": "67485d2c",
  "browserHash": "ea799e48",
  "optimized": {
    "@angular/cdk/bidi": {
      "src": "../../../../../../node_modules/@angular/cdk/fesm2022/bidi.mjs",
      "file": "@angular_cdk_bidi.js",
      "fileHash": "544609dc",
      "needsInterop": false
    },
    "@angular/cdk/scrolling": {
      "src": "../../../../../../node_modules/@angular/cdk/fesm2022/scrolling.mjs",
      "file": "@angular_cdk_scrolling.js",
      "fileHash": "86381d64",
      "needsInterop": false
    },
    "@angular/cdk/text-field": {
      "src": "../../../../../../node_modules/@angular/cdk/fesm2022/text-field.mjs",
      "file": "@angular_cdk_text-field.js",
      "fileHash": "f17f06e3",
      "needsInterop": false
    },
    "@angular/common": {
      "src": "../../../../../../node_modules/@angular/common/fesm2022/common.mjs",
      "file": "@angular_common.js",
      "fileHash": "2b5a6ef3",
      "needsInterop": false
    },
    "@angular/common/http": {
      "src": "../../../../../../node_modules/@angular/common/fesm2022/http.mjs",
      "file": "@angular_common_http.js",
      "fileHash": "22bbd985",
      "needsInterop": false
    },
    "@angular/core": {
      "src": "../../../../../../node_modules/@angular/core/fesm2022/core.mjs",
      "file": "@angular_core.js",
      "fileHash": "47ba7311",
      "needsInterop": false
    },
    "@angular/forms": {
      "src": "../../../../../../node_modules/@angular/forms/fesm2022/forms.mjs",
      "file": "@angular_forms.js",
      "fileHash": "eec7aaa9",
      "needsInterop": false
    },
    "@angular/material/autocomplete": {
      "src": "../../../../../../node_modules/@angular/material/fesm2022/autocomplete.mjs",
      "file": "@angular_material_autocomplete.js",
      "fileHash": "687eb668",
      "needsInterop": false
    },
    "@angular/material/button": {
      "src": "../../../../../../node_modules/@angular/material/fesm2022/button.mjs",
      "file": "@angular_material_button.js",
      "fileHash": "0a9b58b5",
      "needsInterop": false
    },
    "@angular/material/card": {
      "src": "../../../../../../node_modules/@angular/material/fesm2022/card.mjs",
      "file": "@angular_material_card.js",
      "fileHash": "8bc3aa33",
      "needsInterop": false
    },
    "@angular/material/chips": {
      "src": "../../../../../../node_modules/@angular/material/fesm2022/chips.mjs",
      "file": "@angular_material_chips.js",
      "fileHash": "6537e266",
      "needsInterop": false
    },
    "@angular/material/dialog": {
      "src": "../../../../../../node_modules/@angular/material/fesm2022/dialog.mjs",
      "file": "@angular_material_dialog.js",
      "fileHash": "c50687d8",
      "needsInterop": false
    },
    "@angular/material/divider": {
      "src": "../../../../../../node_modules/@angular/material/fesm2022/divider.mjs",
      "file": "@angular_material_divider.js",
      "fileHash": "2e0e275b",
      "needsInterop": false
    },
    "@angular/material/form-field": {
      "src": "../../../../../../node_modules/@angular/material/fesm2022/form-field.mjs",
      "file": "@angular_material_form-field.js",
      "fileHash": "830005af",
      "needsInterop": false
    },
    "@angular/material/icon": {
      "src": "../../../../../../node_modules/@angular/material/fesm2022/icon.mjs",
      "file": "@angular_material_icon.js",
      "fileHash": "e2590105",
      "needsInterop": false
    },
    "@angular/material/input": {
      "src": "../../../../../../node_modules/@angular/material/fesm2022/input.mjs",
      "file": "@angular_material_input.js",
      "fileHash": "da4e9e08",
      "needsInterop": false
    },
    "@angular/material/list": {
      "src": "../../../../../../node_modules/@angular/material/fesm2022/list.mjs",
      "file": "@angular_material_list.js",
      "fileHash": "04894be5",
      "needsInterop": false
    },
    "@angular/material/menu": {
      "src": "../../../../../../node_modules/@angular/material/fesm2022/menu.mjs",
      "file": "@angular_material_menu.js",
      "fileHash": "8447792f",
      "needsInterop": false
    },
    "@angular/material/paginator": {
      "src": "../../../../../../node_modules/@angular/material/fesm2022/paginator.mjs",
      "file": "@angular_material_paginator.js",
      "fileHash": "e6a01f84",
      "needsInterop": false
    },
    "@angular/material/progress-bar": {
      "src": "../../../../../../node_modules/@angular/material/fesm2022/progress-bar.mjs",
      "file": "@angular_material_progress-bar.js",
      "fileHash": "a237e17d",
      "needsInterop": false
    },
    "@angular/material/progress-spinner": {
      "src": "../../../../../../node_modules/@angular/material/fesm2022/progress-spinner.mjs",
      "file": "@angular_material_progress-spinner.js",
      "fileHash": "57b18d8e",
      "needsInterop": false
    },
    "@angular/material/select": {
      "src": "../../../../../../node_modules/@angular/material/fesm2022/select.mjs",
      "file": "@angular_material_select.js",
      "fileHash": "9880c54c",
      "needsInterop": false
    },
    "@angular/material/sidenav": {
      "src": "../../../../../../node_modules/@angular/material/fesm2022/sidenav.mjs",
      "file": "@angular_material_sidenav.js",
      "fileHash": "d42cf510",
      "needsInterop": false
    },
    "@angular/material/snack-bar": {
      "src": "../../../../../../node_modules/@angular/material/fesm2022/snack-bar.mjs",
      "file": "@angular_material_snack-bar.js",
      "fileHash": "a6102ccc",
      "needsInterop": false
    },
    "@angular/material/sort": {
      "src": "../../../../../../node_modules/@angular/material/fesm2022/sort.mjs",
      "file": "@angular_material_sort.js",
      "fileHash": "6acd1f83",
      "needsInterop": false
    },
    "@angular/material/table": {
      "src": "../../../../../../node_modules/@angular/material/fesm2022/table.mjs",
      "file": "@angular_material_table.js",
      "fileHash": "83048eaa",
      "needsInterop": false
    },
    "@angular/material/toolbar": {
      "src": "../../../../../../node_modules/@angular/material/fesm2022/toolbar.mjs",
      "file": "@angular_material_toolbar.js",
      "fileHash": "8d797273",
      "needsInterop": false
    },
    "@angular/material/tooltip": {
      "src": "../../../../../../node_modules/@angular/material/fesm2022/tooltip.mjs",
      "file": "@angular_material_tooltip.js",
      "fileHash": "2f4b5fd5",
      "needsInterop": false
    },
    "@angular/platform-browser": {
      "src": "../../../../../../node_modules/@angular/platform-browser/fesm2022/platform-browser.mjs",
      "file": "@angular_platform-browser.js",
      "fileHash": "3f4b1f19",
      "needsInterop": false
    },
    "@angular/platform-browser/animations": {
      "src": "../../../../../../node_modules/@angular/platform-browser/fesm2022/animations.mjs",
      "file": "@angular_platform-browser_animations.js",
      "fileHash": "984dc944",
      "needsInterop": false
    },
    "@angular/platform-server/init": {
      "src": "../../../../../../node_modules/@angular/platform-server/fesm2022/init.mjs",
      "file": "@angular_platform-server_init.js",
      "fileHash": "6e981e16",
      "needsInterop": false
    },
    "@angular/router": {
      "src": "../../../../../../node_modules/@angular/router/fesm2022/router.mjs",
      "file": "@angular_router.js",
      "fileHash": "7e25a999",
      "needsInterop": false
    },
    "@angular/ssr": {
      "src": "../../../../../../node_modules/@angular/ssr/fesm2022/ssr.mjs",
      "file": "@angular_ssr.js",
      "fileHash": "d33bf2bf",
      "needsInterop": false
    },
    "@angular/ssr/node": {
      "src": "../../../../../../node_modules/@angular/ssr/fesm2022/node.mjs",
      "file": "@angular_ssr_node.js",
      "fileHash": "cb7dac20",
      "needsInterop": false
    },
    "chart.js": {
      "src": "../../../../../../node_modules/chart.js/dist/chart.js",
      "file": "chart__js.js",
      "fileHash": "4e944f0e",
      "needsInterop": false
    },
    "express": {
      "src": "../../../../../../node_modules/express/index.js",
      "file": "express.js",
      "fileHash": "c50dfdee",
      "needsInterop": true
    },
    "pdfmake/build/pdfmake": {
      "src": "../../../../../../node_modules/pdfmake/build/pdfmake.js",
      "file": "pdfmake_build_pdfmake.js",
      "fileHash": "1240ba25",
      "needsInterop": true
    },
    "pdfmake/build/vfs_fonts": {
      "src": "../../../../../../node_modules/pdfmake/build/vfs_fonts.js",
      "file": "pdfmake_build_vfs_fonts.js",
      "fileHash": "20d14de6",
      "needsInterop": true
    },
    "rxjs": {
      "src": "../../../../../../node_modules/rxjs/dist/cjs/index.js",
      "file": "rxjs.js",
      "fileHash": "68594828",
      "needsInterop": true
    },
    "rxjs/operators": {
      "src": "../../../../../../node_modules/rxjs/dist/cjs/operators/index.js",
      "file": "rxjs_operators.js",
      "fileHash": "cf318846",
      "needsInterop": true
    },
    "sweetalert2": {
      "src": "../../../../../../node_modules/sweetalert2/dist/sweetalert2.esm.all.js",
      "file": "sweetalert2.js",
      "fileHash": "ee16886e",
      "needsInterop": false
    }
  },
  "chunks": {
    "xhr2-E5RTESSH": {
      "file": "xhr2-E5RTESSH.js"
    },
    "chunk-2L7QWO54": {
      "file": "chunk-2L7QWO54.js"
    },
    "chunk-PEVZEAGI": {
      "file": "chunk-PEVZEAGI.js"
    },
    "chunk-O4SLOSUY": {
      "file": "chunk-O4SLOSUY.js"
    },
    "chunk-HBTEWJMM": {
      "file": "chunk-HBTEWJMM.js"
    },
    "chunk-JPATZIRF": {
      "file": "chunk-JPATZIRF.js"
    },
    "chunk-3MBQGHPS": {
      "file": "chunk-3MBQGHPS.js"
    },
    "chunk-SL6XBT5D": {
      "file": "chunk-SL6XBT5D.js"
    },
    "chunk-UMIDYVP4": {
      "file": "chunk-UMIDYVP4.js"
    },
    "chunk-GSJJUDNJ": {
      "file": "chunk-GSJJUDNJ.js"
    },
    "chunk-5X5XGLWD": {
      "file": "chunk-5X5XGLWD.js"
    },
    "chunk-G4LNENJM": {
      "file": "chunk-G4LNENJM.js"
    },
    "chunk-J2ORUKEW": {
      "file": "chunk-J2ORUKEW.js"
    },
    "chunk-OJTZEYWX": {
      "file": "chunk-OJTZEYWX.js"
    },
    "chunk-O37F2MTI": {
      "file": "chunk-O37F2MTI.js"
    },
    "chunk-4CQ3SMGE": {
      "file": "chunk-4CQ3SMGE.js"
    },
    "chunk-QIYTSDSU": {
      "file": "chunk-QIYTSDSU.js"
    },
    "chunk-IVRALJ3Y": {
      "file": "chunk-IVRALJ3Y.js"
    },
    "chunk-MU7DJQHT": {
      "file": "chunk-MU7DJQHT.js"
    },
    "chunk-HPVZOJOX": {
      "file": "chunk-HPVZOJOX.js"
    },
    "chunk-M5V3VCVX": {
      "file": "chunk-M5V3VCVX.js"
    },
    "chunk-7MK3A7NQ": {
      "file": "chunk-7MK3A7NQ.js"
    },
    "chunk-5XYFHA5V": {
      "file": "chunk-5XYFHA5V.js"
    },
    "chunk-E54HIZ46": {
      "file": "chunk-E54HIZ46.js"
    },
    "chunk-QJVLQKZV": {
      "file": "chunk-QJVLQKZV.js"
    },
    "chunk-JX5HDXVX": {
      "file": "chunk-JX5HDXVX.js"
    },
    "chunk-HXFVV2UZ": {
      "file": "chunk-HXFVV2UZ.js"
    },
    "chunk-RHZJXN4X": {
      "file": "chunk-RHZJXN4X.js"
    },
    "chunk-JWAVXSH6": {
      "file": "chunk-JWAVXSH6.js"
    },
    "chunk-4NRDWZRV": {
      "file": "chunk-4NRDWZRV.js"
    },
    "chunk-IIXO7YIU": {
      "file": "chunk-IIXO7YIU.js"
    },
    "chunk-54NBLQQP": {
      "file": "chunk-54NBLQQP.js"
    },
    "chunk-74WRI6RF": {
      "file": "chunk-74WRI6RF.js"
    },
    "chunk-3MWYMNVP": {
      "file": "chunk-3MWYMNVP.js"
    },
    "chunk-ZVWDWOQO": {
      "file": "chunk-ZVWDWOQO.js"
    },
    "chunk-LJYIMYAW": {
      "file": "chunk-LJYIMYAW.js"
    },
    "chunk-C27DBZK2": {
      "file": "chunk-C27DBZK2.js"
    },
    "chunk-2UVUUPPC": {
      "file": "chunk-2UVUUPPC.js"
    },
    "chunk-K54IFBYX": {
      "file": "chunk-K54IFBYX.js"
    },
    "chunk-6DU2HRTW": {
      "file": "chunk-6DU2HRTW.js"
    }
  }
}