{
  "hash": "f9f5c575",
  "configHash": "ae40c098",
  "lockfileHash": "326291f6",
  "browserHash": "cb2b00df",
  "optimized": {
    "@angular/cdk/bidi": {
      "src": "../../../../../../node_modules/@angular/cdk/fesm2022/bidi.mjs",
      "file": "@angular_cdk_bidi.js",
      "fileHash": "7972cbb6",
      "needsInterop": false
    },
    "@angular/cdk/scrolling": {
      "src": "../../../../../../node_modules/@angular/cdk/fesm2022/scrolling.mjs",
      "file": "@angular_cdk_scrolling.js",
      "fileHash": "d60125de",
      "needsInterop": false
    },
    "@angular/cdk/text-field": {
      "src": "../../../../../../node_modules/@angular/cdk/fesm2022/text-field.mjs",
      "file": "@angular_cdk_text-field.js",
      "fileHash": "2935c35e",
      "needsInterop": false
    },
    "@angular/common": {
      "src": "../../../../../../node_modules/@angular/common/fesm2022/common.mjs",
      "file": "@angular_common.js",
      "fileHash": "9be4c804",
      "needsInterop": false
    },
    "@angular/common/http": {
      "src": "../../../../../../node_modules/@angular/common/fesm2022/http.mjs",
      "file": "@angular_common_http.js",
      "fileHash": "84806f9f",
      "needsInterop": false
    },
    "@angular/core": {
      "src": "../../../../../../node_modules/@angular/core/fesm2022/core.mjs",
      "file": "@angular_core.js",
      "fileHash": "af2b2d2d",
      "needsInterop": false
    },
    "@angular/forms": {
      "src": "../../../../../../node_modules/@angular/forms/fesm2022/forms.mjs",
      "file": "@angular_forms.js",
      "fileHash": "40dce543",
      "needsInterop": false
    },
    "@angular/material/autocomplete": {
      "src": "../../../../../../node_modules/@angular/material/fesm2022/autocomplete.mjs",
      "file": "@angular_material_autocomplete.js",
      "fileHash": "0bd35116",
      "needsInterop": false
    },
    "@angular/material/button": {
      "src": "../../../../../../node_modules/@angular/material/fesm2022/button.mjs",
      "file": "@angular_material_button.js",
      "fileHash": "20093c1f",
      "needsInterop": false
    },
    "@angular/material/card": {
      "src": "../../../../../../node_modules/@angular/material/fesm2022/card.mjs",
      "file": "@angular_material_card.js",
      "fileHash": "dd5472f9",
      "needsInterop": false
    },
    "@angular/material/chips": {
      "src": "../../../../../../node_modules/@angular/material/fesm2022/chips.mjs",
      "file": "@angular_material_chips.js",
      "fileHash": "bb55cf5b",
      "needsInterop": false
    },
    "@angular/material/dialog": {
      "src": "../../../../../../node_modules/@angular/material/fesm2022/dialog.mjs",
      "file": "@angular_material_dialog.js",
      "fileHash": "c54f7907",
      "needsInterop": false
    },
    "@angular/material/divider": {
      "src": "../../../../../../node_modules/@angular/material/fesm2022/divider.mjs",
      "file": "@angular_material_divider.js",
      "fileHash": "3c05b691",
      "needsInterop": false
    },
    "@angular/material/form-field": {
      "src": "../../../../../../node_modules/@angular/material/fesm2022/form-field.mjs",
      "file": "@angular_material_form-field.js",
      "fileHash": "3d3dd67d",
      "needsInterop": false
    },
    "@angular/material/icon": {
      "src": "../../../../../../node_modules/@angular/material/fesm2022/icon.mjs",
      "file": "@angular_material_icon.js",
      "fileHash": "7d555c7e",
      "needsInterop": false
    },
    "@angular/material/input": {
      "src": "../../../../../../node_modules/@angular/material/fesm2022/input.mjs",
      "file": "@angular_material_input.js",
      "fileHash": "58c3970d",
      "needsInterop": false
    },
    "@angular/material/list": {
      "src": "../../../../../../node_modules/@angular/material/fesm2022/list.mjs",
      "file": "@angular_material_list.js",
      "fileHash": "d492a276",
      "needsInterop": false
    },
    "@angular/material/menu": {
      "src": "../../../../../../node_modules/@angular/material/fesm2022/menu.mjs",
      "file": "@angular_material_menu.js",
      "fileHash": "8e63041a",
      "needsInterop": false
    },
    "@angular/material/paginator": {
      "src": "../../../../../../node_modules/@angular/material/fesm2022/paginator.mjs",
      "file": "@angular_material_paginator.js",
      "fileHash": "76939927",
      "needsInterop": false
    },
    "@angular/material/progress-bar": {
      "src": "../../../../../../node_modules/@angular/material/fesm2022/progress-bar.mjs",
      "file": "@angular_material_progress-bar.js",
      "fileHash": "50f9df3f",
      "needsInterop": false
    },
    "@angular/material/progress-spinner": {
      "src": "../../../../../../node_modules/@angular/material/fesm2022/progress-spinner.mjs",
      "file": "@angular_material_progress-spinner.js",
      "fileHash": "f417d912",
      "needsInterop": false
    },
    "@angular/material/select": {
      "src": "../../../../../../node_modules/@angular/material/fesm2022/select.mjs",
      "file": "@angular_material_select.js",
      "fileHash": "2ec95023",
      "needsInterop": false
    },
    "@angular/material/sidenav": {
      "src": "../../../../../../node_modules/@angular/material/fesm2022/sidenav.mjs",
      "file": "@angular_material_sidenav.js",
      "fileHash": "5256b22d",
      "needsInterop": false
    },
    "@angular/material/snack-bar": {
      "src": "../../../../../../node_modules/@angular/material/fesm2022/snack-bar.mjs",
      "file": "@angular_material_snack-bar.js",
      "fileHash": "ebc56169",
      "needsInterop": false
    },
    "@angular/material/sort": {
      "src": "../../../../../../node_modules/@angular/material/fesm2022/sort.mjs",
      "file": "@angular_material_sort.js",
      "fileHash": "6ea90868",
      "needsInterop": false
    },
    "@angular/material/table": {
      "src": "../../../../../../node_modules/@angular/material/fesm2022/table.mjs",
      "file": "@angular_material_table.js",
      "fileHash": "45fe4794",
      "needsInterop": false
    },
    "@angular/material/toolbar": {
      "src": "../../../../../../node_modules/@angular/material/fesm2022/toolbar.mjs",
      "file": "@angular_material_toolbar.js",
      "fileHash": "de0f501a",
      "needsInterop": false
    },
    "@angular/material/tooltip": {
      "src": "../../../../../../node_modules/@angular/material/fesm2022/tooltip.mjs",
      "file": "@angular_material_tooltip.js",
      "fileHash": "b9a3cb2c",
      "needsInterop": false
    },
    "@angular/platform-browser": {
      "src": "../../../../../../node_modules/@angular/platform-browser/fesm2022/platform-browser.mjs",
      "file": "@angular_platform-browser.js",
      "fileHash": "96f00807",
      "needsInterop": false
    },
    "@angular/platform-browser/animations": {
      "src": "../../../../../../node_modules/@angular/platform-browser/fesm2022/animations.mjs",
      "file": "@angular_platform-browser_animations.js",
      "fileHash": "78aa6220",
      "needsInterop": false
    },
    "@angular/router": {
      "src": "../../../../../../node_modules/@angular/router/fesm2022/router.mjs",
      "file": "@angular_router.js",
      "fileHash": "9176a237",
      "needsInterop": false
    },
    "chart.js": {
      "src": "../../../../../../node_modules/chart.js/dist/chart.js",
      "file": "chart__js.js",
      "fileHash": "767c307a",
      "needsInterop": false
    },
    "pdfmake/build/pdfmake": {
      "src": "../../../../../../node_modules/pdfmake/build/pdfmake.js",
      "file": "pdfmake_build_pdfmake.js",
      "fileHash": "f7d0ff2b",
      "needsInterop": true
    },
    "pdfmake/build/vfs_fonts": {
      "src": "../../../../../../node_modules/pdfmake/build/vfs_fonts.js",
      "file": "pdfmake_build_vfs_fonts.js",
      "fileHash": "82c66477",
      "needsInterop": true
    },
    "rxjs": {
      "src": "../../../../../../node_modules/rxjs/dist/esm5/index.js",
      "file": "rxjs.js",
      "fileHash": "0c0bb56b",
      "needsInterop": false
    },
    "rxjs/operators": {
      "src": "../../../../../../node_modules/rxjs/dist/esm5/operators/index.js",
      "file": "rxjs_operators.js",
      "fileHash": "ee123b6e",
      "needsInterop": false
    },
    "sweetalert2": {
      "src": "../../../../../../node_modules/sweetalert2/dist/sweetalert2.esm.all.js",
      "file": "sweetalert2.js",
      "fileHash": "b120595b",
      "needsInterop": false
    }
  },
  "chunks": {
    "chunk-CIAZDO3E": {
      "file": "chunk-CIAZDO3E.js"
    },
    "chunk-K6FAT4BE": {
      "file": "chunk-K6FAT4BE.js"
    },
    "chunk-WRK7NIRJ": {
      "file": "chunk-WRK7NIRJ.js"
    },
    "chunk-LNQVTJEN": {
      "file": "chunk-LNQVTJEN.js"
    },
    "chunk-WUG3UFVF": {
      "file": "chunk-WUG3UFVF.js"
    },
    "chunk-4UNVTIFT": {
      "file": "chunk-4UNVTIFT.js"
    },
    "chunk-M5RNGURX": {
      "file": "chunk-M5RNGURX.js"
    },
    "chunk-P35VFASH": {
      "file": "chunk-P35VFASH.js"
    },
    "chunk-NKO32MBI": {
      "file": "chunk-NKO32MBI.js"
    },
    "chunk-6WJB4337": {
      "file": "chunk-6WJB4337.js"
    },
    "chunk-HLY4I6OB": {
      "file": "chunk-HLY4I6OB.js"
    },
    "chunk-XPYREVJC": {
      "file": "chunk-XPYREVJC.js"
    },
    "chunk-JVZANTRB": {
      "file": "chunk-JVZANTRB.js"
    },
    "chunk-TAXUO22V": {
      "file": "chunk-TAXUO22V.js"
    },
    "chunk-QGNHM4KF": {
      "file": "chunk-QGNHM4KF.js"
    },
    "chunk-LLSIGTEN": {
      "file": "chunk-LLSIGTEN.js"
    },
    "chunk-M4LQTSVG": {
      "file": "chunk-M4LQTSVG.js"
    },
    "chunk-2UFV5TNC": {
      "file": "chunk-2UFV5TNC.js"
    },
    "chunk-3UDR3XXF": {
      "file": "chunk-3UDR3XXF.js"
    },
    "chunk-E2L76XEC": {
      "file": "chunk-E2L76XEC.js"
    },
    "chunk-VENV3F3G": {
      "file": "chunk-VENV3F3G.js"
    },
    "chunk-IS67Z2IV": {
      "file": "chunk-IS67Z2IV.js"
    },
    "chunk-46HAYV32": {
      "file": "chunk-46HAYV32.js"
    },
    "chunk-CQ7R2YMD": {
      "file": "chunk-CQ7R2YMD.js"
    },
    "chunk-UG7TUSKY": {
      "file": "chunk-UG7TUSKY.js"
    },
    "chunk-5EG33CFQ": {
      "file": "chunk-5EG33CFQ.js"
    },
    "chunk-YQET66ME": {
      "file": "chunk-YQET66ME.js"
    },
    "chunk-UC7V2G7O": {
      "file": "chunk-UC7V2G7O.js"
    },
    "chunk-2RVGKARV": {
      "file": "chunk-2RVGKARV.js"
    },
    "chunk-MEUXKVDF": {
      "file": "chunk-MEUXKVDF.js"
    },
    "chunk-NY3HKPDL": {
      "file": "chunk-NY3HKPDL.js"
    },
    "chunk-YLHXK2KV": {
      "file": "chunk-YLHXK2KV.js"
    },
    "chunk-BEABMMGQ": {
      "file": "chunk-BEABMMGQ.js"
    },
    "chunk-JRFR6BLO": {
      "file": "chunk-JRFR6BLO.js"
    },
    "chunk-HWYXSU2G": {
      "file": "chunk-HWYXSU2G.js"
    },
    "chunk-MARUHEWW": {
      "file": "chunk-MARUHEWW.js"
    },
    "chunk-H2SRQSE4": {
      "file": "chunk-H2SRQSE4.js"
    }
  }
}