{
  "hash": "d3602a93",
  "configHash": "ae40c098",
  "lockfileHash": "67485d2c",
  "browserHash": "00b3161b",
  "optimized": {
    "@angular/cdk/bidi": {
      "src": "../../../../../../node_modules/@angular/cdk/fesm2022/bidi.mjs",
      "file": "@angular_cdk_bidi.js",
      "fileHash": "85282dec",
      "needsInterop": false
    },
    "@angular/cdk/scrolling": {
      "src": "../../../../../../node_modules/@angular/cdk/fesm2022/scrolling.mjs",
      "file": "@angular_cdk_scrolling.js",
      "fileHash": "b5907d2b",
      "needsInterop": false
    },
    "@angular/cdk/text-field": {
      "src": "../../../../../../node_modules/@angular/cdk/fesm2022/text-field.mjs",
      "file": "@angular_cdk_text-field.js",
      "fileHash": "095e8d54",
      "needsInterop": false
    },
    "@angular/common": {
      "src": "../../../../../../node_modules/@angular/common/fesm2022/common.mjs",
      "file": "@angular_common.js",
      "fileHash": "d0f64207",
      "needsInterop": false
    },
    "@angular/common/http": {
      "src": "../../../../../../node_modules/@angular/common/fesm2022/http.mjs",
      "file": "@angular_common_http.js",
      "fileHash": "168e5a59",
      "needsInterop": false
    },
    "@angular/core": {
      "src": "../../../../../../node_modules/@angular/core/fesm2022/core.mjs",
      "file": "@angular_core.js",
      "fileHash": "07916e3b",
      "needsInterop": false
    },
    "@angular/forms": {
      "src": "../../../../../../node_modules/@angular/forms/fesm2022/forms.mjs",
      "file": "@angular_forms.js",
      "fileHash": "9ccb303b",
      "needsInterop": false
    },
    "@angular/material/autocomplete": {
      "src": "../../../../../../node_modules/@angular/material/fesm2022/autocomplete.mjs",
      "file": "@angular_material_autocomplete.js",
      "fileHash": "300d4c0d",
      "needsInterop": false
    },
    "@angular/material/button": {
      "src": "../../../../../../node_modules/@angular/material/fesm2022/button.mjs",
      "file": "@angular_material_button.js",
      "fileHash": "96574516",
      "needsInterop": false
    },
    "@angular/material/card": {
      "src": "../../../../../../node_modules/@angular/material/fesm2022/card.mjs",
      "file": "@angular_material_card.js",
      "fileHash": "4068e86d",
      "needsInterop": false
    },
    "@angular/material/chips": {
      "src": "../../../../../../node_modules/@angular/material/fesm2022/chips.mjs",
      "file": "@angular_material_chips.js",
      "fileHash": "6fc317b9",
      "needsInterop": false
    },
    "@angular/material/dialog": {
      "src": "../../../../../../node_modules/@angular/material/fesm2022/dialog.mjs",
      "file": "@angular_material_dialog.js",
      "fileHash": "3533fa2d",
      "needsInterop": false
    },
    "@angular/material/divider": {
      "src": "../../../../../../node_modules/@angular/material/fesm2022/divider.mjs",
      "file": "@angular_material_divider.js",
      "fileHash": "b3711b7b",
      "needsInterop": false
    },
    "@angular/material/form-field": {
      "src": "../../../../../../node_modules/@angular/material/fesm2022/form-field.mjs",
      "file": "@angular_material_form-field.js",
      "fileHash": "f9c5b77e",
      "needsInterop": false
    },
    "@angular/material/icon": {
      "src": "../../../../../../node_modules/@angular/material/fesm2022/icon.mjs",
      "file": "@angular_material_icon.js",
      "fileHash": "341f5c10",
      "needsInterop": false
    },
    "@angular/material/input": {
      "src": "../../../../../../node_modules/@angular/material/fesm2022/input.mjs",
      "file": "@angular_material_input.js",
      "fileHash": "7cdad21e",
      "needsInterop": false
    },
    "@angular/material/list": {
      "src": "../../../../../../node_modules/@angular/material/fesm2022/list.mjs",
      "file": "@angular_material_list.js",
      "fileHash": "bfea217b",
      "needsInterop": false
    },
    "@angular/material/menu": {
      "src": "../../../../../../node_modules/@angular/material/fesm2022/menu.mjs",
      "file": "@angular_material_menu.js",
      "fileHash": "5cffe115",
      "needsInterop": false
    },
    "@angular/material/paginator": {
      "src": "../../../../../../node_modules/@angular/material/fesm2022/paginator.mjs",
      "file": "@angular_material_paginator.js",
      "fileHash": "7d7c9b3e",
      "needsInterop": false
    },
    "@angular/material/progress-bar": {
      "src": "../../../../../../node_modules/@angular/material/fesm2022/progress-bar.mjs",
      "file": "@angular_material_progress-bar.js",
      "fileHash": "057a264d",
      "needsInterop": false
    },
    "@angular/material/progress-spinner": {
      "src": "../../../../../../node_modules/@angular/material/fesm2022/progress-spinner.mjs",
      "file": "@angular_material_progress-spinner.js",
      "fileHash": "97097b93",
      "needsInterop": false
    },
    "@angular/material/select": {
      "src": "../../../../../../node_modules/@angular/material/fesm2022/select.mjs",
      "file": "@angular_material_select.js",
      "fileHash": "a5029d9d",
      "needsInterop": false
    },
    "@angular/material/sidenav": {
      "src": "../../../../../../node_modules/@angular/material/fesm2022/sidenav.mjs",
      "file": "@angular_material_sidenav.js",
      "fileHash": "eba39a1c",
      "needsInterop": false
    },
    "@angular/material/snack-bar": {
      "src": "../../../../../../node_modules/@angular/material/fesm2022/snack-bar.mjs",
      "file": "@angular_material_snack-bar.js",
      "fileHash": "9dacd1aa",
      "needsInterop": false
    },
    "@angular/material/sort": {
      "src": "../../../../../../node_modules/@angular/material/fesm2022/sort.mjs",
      "file": "@angular_material_sort.js",
      "fileHash": "fef6a042",
      "needsInterop": false
    },
    "@angular/material/table": {
      "src": "../../../../../../node_modules/@angular/material/fesm2022/table.mjs",
      "file": "@angular_material_table.js",
      "fileHash": "f459944b",
      "needsInterop": false
    },
    "@angular/material/toolbar": {
      "src": "../../../../../../node_modules/@angular/material/fesm2022/toolbar.mjs",
      "file": "@angular_material_toolbar.js",
      "fileHash": "e996fd5a",
      "needsInterop": false
    },
    "@angular/material/tooltip": {
      "src": "../../../../../../node_modules/@angular/material/fesm2022/tooltip.mjs",
      "file": "@angular_material_tooltip.js",
      "fileHash": "f958b3cb",
      "needsInterop": false
    },
    "@angular/platform-browser": {
      "src": "../../../../../../node_modules/@angular/platform-browser/fesm2022/platform-browser.mjs",
      "file": "@angular_platform-browser.js",
      "fileHash": "8ba1c854",
      "needsInterop": false
    },
    "@angular/platform-browser/animations": {
      "src": "../../../../../../node_modules/@angular/platform-browser/fesm2022/animations.mjs",
      "file": "@angular_platform-browser_animations.js",
      "fileHash": "388aef58",
      "needsInterop": false
    },
    "@angular/router": {
      "src": "../../../../../../node_modules/@angular/router/fesm2022/router.mjs",
      "file": "@angular_router.js",
      "fileHash": "e3105e47",
      "needsInterop": false
    },
    "chart.js": {
      "src": "../../../../../../node_modules/chart.js/dist/chart.js",
      "file": "chart__js.js",
      "fileHash": "6a6afce5",
      "needsInterop": false
    },
    "pdfmake/build/pdfmake": {
      "src": "../../../../../../node_modules/pdfmake/build/pdfmake.js",
      "file": "pdfmake_build_pdfmake.js",
      "fileHash": "c7d64593",
      "needsInterop": true
    },
    "pdfmake/build/vfs_fonts": {
      "src": "../../../../../../node_modules/pdfmake/build/vfs_fonts.js",
      "file": "pdfmake_build_vfs_fonts.js",
      "fileHash": "dd594121",
      "needsInterop": true
    },
    "rxjs": {
      "src": "../../../../../../node_modules/rxjs/dist/esm5/index.js",
      "file": "rxjs.js",
      "fileHash": "4e8184a2",
      "needsInterop": false
    },
    "rxjs/operators": {
      "src": "../../../../../../node_modules/rxjs/dist/esm5/operators/index.js",
      "file": "rxjs_operators.js",
      "fileHash": "cda03ec4",
      "needsInterop": false
    },
    "sweetalert2": {
      "src": "../../../../../../node_modules/sweetalert2/dist/sweetalert2.esm.all.js",
      "file": "sweetalert2.js",
      "fileHash": "ccb93de5",
      "needsInterop": false
    }
  },
  "chunks": {
    "chunk-TQOVT3CJ": {
      "file": "chunk-TQOVT3CJ.js"
    },
    "chunk-T7QSRD6P": {
      "file": "chunk-T7QSRD6P.js"
    },
    "chunk-WRK7NIRJ": {
      "file": "chunk-WRK7NIRJ.js"
    },
    "chunk-N2UNXQNI": {
      "file": "chunk-N2UNXQNI.js"
    },
    "chunk-B3H7HRWQ": {
      "file": "chunk-B3H7HRWQ.js"
    },
    "chunk-V6ZRVUJB": {
      "file": "chunk-V6ZRVUJB.js"
    },
    "chunk-M5RNGURX": {
      "file": "chunk-M5RNGURX.js"
    },
    "chunk-P35VFASH": {
      "file": "chunk-P35VFASH.js"
    },
    "chunk-LCHZYZRD": {
      "file": "chunk-LCHZYZRD.js"
    },
    "chunk-6WJB4337": {
      "file": "chunk-6WJB4337.js"
    },
    "chunk-VEDPN4RE": {
      "file": "chunk-VEDPN4RE.js"
    },
    "chunk-XPYREVJC": {
      "file": "chunk-XPYREVJC.js"
    },
    "chunk-CXGX37MM": {
      "file": "chunk-CXGX37MM.js"
    },
    "chunk-ZMH52ZL4": {
      "file": "chunk-ZMH52ZL4.js"
    },
    "chunk-T4E4YLSU": {
      "file": "chunk-T4E4YLSU.js"
    },
    "chunk-NXV2NTHU": {
      "file": "chunk-NXV2NTHU.js"
    },
    "chunk-M4LQTSVG": {
      "file": "chunk-M4LQTSVG.js"
    },
    "chunk-PNXEGVOJ": {
      "file": "chunk-PNXEGVOJ.js"
    },
    "chunk-E2L76XEC": {
      "file": "chunk-E2L76XEC.js"
    },
    "chunk-VENV3F3G": {
      "file": "chunk-VENV3F3G.js"
    },
    "chunk-NXGFFZX6": {
      "file": "chunk-NXGFFZX6.js"
    },
    "chunk-46HAYV32": {
      "file": "chunk-46HAYV32.js"
    },
    "chunk-BPOW4WKF": {
      "file": "chunk-BPOW4WKF.js"
    },
    "chunk-FDRC5JQF": {
      "file": "chunk-FDRC5JQF.js"
    },
    "chunk-UG7TUSKY": {
      "file": "chunk-UG7TUSKY.js"
    },
    "chunk-5EG33CFQ": {
      "file": "chunk-5EG33CFQ.js"
    },
    "chunk-2RVGKARV": {
      "file": "chunk-2RVGKARV.js"
    },
    "chunk-UC7V2G7O": {
      "file": "chunk-UC7V2G7O.js"
    },
    "chunk-3CDCHEGO": {
      "file": "chunk-3CDCHEGO.js"
    },
    "chunk-2UFV5TNC": {
      "file": "chunk-2UFV5TNC.js"
    },
    "chunk-NY3HKPDL": {
      "file": "chunk-NY3HKPDL.js"
    },
    "chunk-YLHXK2KV": {
      "file": "chunk-YLHXK2KV.js"
    },
    "chunk-BEABMMGQ": {
      "file": "chunk-BEABMMGQ.js"
    },
    "chunk-JRFR6BLO": {
      "file": "chunk-JRFR6BLO.js"
    },
    "chunk-HWYXSU2G": {
      "file": "chunk-HWYXSU2G.js"
    },
    "chunk-MARUHEWW": {
      "file": "chunk-MARUHEWW.js"
    },
    "chunk-H2SRQSE4": {
      "file": "chunk-H2SRQSE4.js"
    }
  }
}